﻿<?xml version="1.0" encoding="utf-8"?><DEFECTS><DEFECT>
    <SFA>
      <FILEPATH>C:\MJB\CS575\Particles2019\</FILEPATH>
      <FILENAME>glui.h</FILENAME>
      <LINE>51</LINE>
      <COLUMN>2</COLUMN>
    </SFA>
    <DEFECTCODE>26495</DEFECTCODE>
    <DESCRIPTION>Variable 'RGBc::g' is uninitialized. Always initialize a member variable (type.6).</DESCRIPTION>
    <FUNCTION>RGBc::{ctor}</FUNCTION>
    <DECORATED>??0RGBc@@QAE@XZ</DECORATED>
    <FUNCLINE>51</FUNCLINE>
    <ADDITIONALINFO>
      <targetSymbol>RGBc::g</targetSymbol>
    </ADDITIONALINFO>
    <PATH></PATH>
  </DEFECT><DEFECT>
    <SFA>
      <FILEPATH>C:\MJB\CS575\Particles2019\</FILEPATH>
      <FILENAME>glui.h</FILENAME>
      <LINE>499</LINE>
      <COLUMN>2</COLUMN>
    </SFA>
    <DEFECTCODE>26495</DEFECTCODE>
    <DESCRIPTION>Variable 'GLUI_Master_Object::active_control_glui' is uninitialized. Always initialize a member variable (type.6).</DESCRIPTION>
    <FUNCTION>GLUI_Master_Object::{ctor}</FUNCTION>
    <DECORATED>??0GLUI_Master_Object@@QAE@XZ</DECORATED>
    <FUNCLINE>499</FUNCLINE>
    <ADDITIONALINFO>
      <targetSymbol>GLUI_Master_Object::active_control_glui</targetSymbol>
    </ADDITIONALINFO>
    <PATH></PATH>
  </DEFECT><DEFECT>
    <SFA>
      <FILEPATH>C:\MJB\CS575\Particles2019\</FILEPATH>
      <FILENAME>glui.h</FILENAME>
      <LINE>790</LINE>
      <COLUMN>2</COLUMN>
    </SFA>
    <DEFECTCODE>26495</DEFECTCODE>
    <DESCRIPTION>Variable 'GLUI_Control::float_array_val' is uninitialized. Always initialize a member variable (type.6).</DESCRIPTION>
    <FUNCTION>GLUI_Control::{ctor}</FUNCTION>
    <DECORATED>??0GLUI_Control@@QAE@XZ</DECORATED>
    <FUNCLINE>790</FUNCLINE>
    <ADDITIONALINFO>
      <targetSymbol>GLUI_Control::float_array_val</targetSymbol>
    </ADDITIONALINFO>
    <PATH></PATH>
  </DEFECT><DEFECT>
    <SFA>
      <FILEPATH>C:\MJB\CS575\Particles2019\</FILEPATH>
      <FILENAME>glui.h</FILENAME>
      <LINE>857</LINE>
      <COLUMN>2</COLUMN>
    </SFA>
    <DEFECTCODE>26495</DEFECTCODE>
    <DESCRIPTION>Variable 'GLUI_Button::currently_inside' is uninitialized. Always initialize a member variable (type.6).</DESCRIPTION>
    <FUNCTION>GLUI_Button::{ctor}</FUNCTION>
    <DECORATED>??0GLUI_Button@@QAE@XZ</DECORATED>
    <FUNCLINE>857</FUNCLINE>
    <ADDITIONALINFO>
      <targetSymbol>GLUI_Button::currently_inside</targetSymbol>
    </ADDITIONALINFO>
    <PATH></PATH>
  </DEFECT><DEFECT>
    <SFA>
      <FILEPATH>C:\MJB\CS575\Particles2019\</FILEPATH>
      <FILENAME>glui.h</FILENAME>
      <LINE>897</LINE>
      <COLUMN>2</COLUMN>
    </SFA>
    <DEFECTCODE>26495</DEFECTCODE>
    <DESCRIPTION>Variable 'GLUI_Checkbox::currently_inside' is uninitialized. Always initialize a member variable (type.6).</DESCRIPTION>
    <FUNCTION>GLUI_Checkbox::{ctor}</FUNCTION>
    <DECORATED>??0GLUI_Checkbox@@QAE@XZ</DECORATED>
    <FUNCLINE>897</FUNCLINE>
    <ADDITIONALINFO>
      <targetSymbol>GLUI_Checkbox::currently_inside</targetSymbol>
    </ADDITIONALINFO>
    <PATH></PATH>
  </DEFECT><DEFECT>
    <SFA>
      <FILEPATH>C:\MJB\CS575\Particles2019\</FILEPATH>
      <FILENAME>glui.h</FILENAME>
      <LINE>1203</LINE>
      <COLUMN>2</COLUMN>
    </SFA>
    <DEFECTCODE>26495</DEFECTCODE>
    <DESCRIPTION>Variable 'GLUI_EditText::float_high' is uninitialized. Always initialize a member variable (type.6).</DESCRIPTION>
    <FUNCTION>GLUI_EditText::{ctor}</FUNCTION>
    <DECORATED>??0GLUI_EditText@@QAE@XZ</DECORATED>
    <FUNCLINE>1203</FUNCLINE>
    <ADDITIONALINFO>
      <targetSymbol>GLUI_EditText::float_high</targetSymbol>
    </ADDITIONALINFO>
    <PATH></PATH>
  </DEFECT><DEFECT>
    <SFA>
      <FILEPATH>C:\MJB\CS575\Particles2019\</FILEPATH>
      <FILENAME>glui.h</FILENAME>
      <LINE>1292</LINE>
      <COLUMN>2</COLUMN>
    </SFA>
    <DEFECTCODE>26495</DEFECTCODE>
    <DESCRIPTION>Variable 'GLUI_RadioButton::currently_inside' is uninitialized. Always initialize a member variable (type.6).</DESCRIPTION>
    <FUNCTION>GLUI_RadioButton::{ctor}</FUNCTION>
    <DECORATED>??0GLUI_RadioButton@@QAE@XZ</DECORATED>
    <FUNCLINE>1292</FUNCLINE>
    <ADDITIONALINFO>
      <targetSymbol>GLUI_RadioButton::currently_inside</targetSymbol>
    </ADDITIONALINFO>
    <PATH></PATH>
  </DEFECT><DEFECT>
    <SFA>
      <FILEPATH>C:\MJB\CS575\Particles2019\</FILEPATH>
      <FILENAME>glui.h</FILENAME>
      <LINE>1392</LINE>
      <COLUMN>2</COLUMN>
    </SFA>
    <DEFECTCODE>26495</DEFECTCODE>
    <DESCRIPTION>Variable 'GLUI_Spinner::growth' is uninitialized. Always initialize a member variable (type.6).</DESCRIPTION>
    <FUNCTION>GLUI_Spinner::{ctor}</FUNCTION>
    <DECORATED>??0GLUI_Spinner@@QAE@XZ</DECORATED>
    <FUNCLINE>1392</FUNCLINE>
    <ADDITIONALINFO>
      <targetSymbol>GLUI_Spinner::growth</targetSymbol>
    </ADDITIONALINFO>
    <PATH></PATH>
  </DEFECT><DEFECT>
    <SFA>
      <FILEPATH>C:\MJB\CS575\Particles2019\</FILEPATH>
      <FILENAME>glui.h</FILENAME>
      <LINE>1488</LINE>
      <COLUMN>2</COLUMN>
    </SFA>
    <DEFECTCODE>26495</DEFECTCODE>
    <DESCRIPTION>Variable 'GLUI_HSlider::last_float_val' is uninitialized. Always initialize a member variable (type.6).</DESCRIPTION>
    <FUNCTION>GLUI_HSlider::{ctor}</FUNCTION>
    <DECORATED>??0GLUI_HSlider@@QAE@XZ</DECORATED>
    <FUNCLINE>1488</FUNCLINE>
    <ADDITIONALINFO>
      <targetSymbol>GLUI_HSlider::last_float_val</targetSymbol>
    </ADDITIONALINFO>
    <PATH></PATH>
  </DEFECT><DEFECT>
    <SFA>
      <FILEPATH>C:\MJB\CS575\Particles2019\</FILEPATH>
      <FILENAME>glui.h</FILENAME>
      <LINE>1589</LINE>
      <COLUMN>2</COLUMN>
    </SFA>
    <DEFECTCODE>26495</DEFECTCODE>
    <DESCRIPTION>Variable 'GLUI_Listbox::currently_inside' is uninitialized. Always initialize a member variable (type.6).</DESCRIPTION>
    <FUNCTION>GLUI_Listbox::{ctor}</FUNCTION>
    <DECORATED>??0GLUI_Listbox@@QAE@XZ</DECORATED>
    <FUNCLINE>1589</FUNCLINE>
    <ADDITIONALINFO>
      <targetSymbol>GLUI_Listbox::currently_inside</targetSymbol>
    </ADDITIONALINFO>
    <PATH></PATH>
  </DEFECT><DEFECT>
    <SFA>
      <FILEPATH>C:\MJB\CS575\Particles2019\</FILEPATH>
      <FILENAME>glui.h</FILENAME>
      <LINE>1549</LINE>
      <COLUMN>0</COLUMN>
    </SFA>
    <DEFECTCODE>26495</DEFECTCODE>
    <DESCRIPTION>Variable 'GLUI_Listbox_Item::id' is uninitialized. Always initialize a member variable (type.6).</DESCRIPTION>
    <FUNCTION>GLUI_Listbox_Item::{ctor}</FUNCTION>
    <DECORATED>??0GLUI_Listbox_Item@@QAE@XZ</DECORATED>
    <FUNCLINE>1549</FUNCLINE>
    <ADDITIONALINFO>
      <targetSymbol>GLUI_Listbox_Item::id</targetSymbol>
    </ADDITIONALINFO>
    <PATH></PATH>
  </DEFECT><DEFECT>
    <SFA>
      <FILEPATH>C:\MJB\CS575\Particles2019\</FILEPATH>
      <FILENAME>glui.h</FILENAME>
      <LINE>1753</LINE>
      <COLUMN>2</COLUMN>
    </SFA>
    <DEFECTCODE>26495</DEFECTCODE>
    <DESCRIPTION>Variable 'GLUI_Translation::orig_x' is uninitialized. Always initialize a member variable (type.6).</DESCRIPTION>
    <FUNCTION>GLUI_Translation::{ctor}</FUNCTION>
    <DECORATED>??0GLUI_Translation@@QAE@XZ</DECORATED>
    <FUNCLINE>1753</FUNCLINE>
    <ADDITIONALINFO>
      <targetSymbol>GLUI_Translation::orig_x</targetSymbol>
    </ADDITIONALINFO>
    <PATH></PATH>
  </DEFECT><DEFECT>
    <SFA>
      <FILEPATH>C:\MJB\CS575\Particles2019\</FILEPATH>
      <FILENAME>sample.cpp</FILENAME>
      <LINE>455</LINE>
      <COLUMN>10</COLUMN>
    </SFA>
    <DEFECTCODE>6385</DEFECTCODE>
    <DESCRIPTION>Reading invalid data from 'platforms':  the readable size is 'numPlatforms*4' bytes, but '8' bytes may be read.</DESCRIPTION>
    <FUNCTION>InitCL</FUNCTION>
    <DECORATED>?InitCL@@YAXXZ</DECORATED>
    <FUNCLINE>417</FUNCLINE>
    <PROBABILITY>1</PROBABILITY>
    <RANK>4</RANK>
    <CATEGORY>
      <RULECATEGORY>mspft</RULECATEGORY>
    </CATEGORY>
    <PATH>
      <SFA>
        <FILEPATH>C:\MJB\CS575\Particles2019\</FILEPATH>
        <FILENAME>sample.cpp</FILENAME>
        <LINE>421</LINE>
        <COLUMN>10</COLUMN>
      </SFA>
      <SFA>
        <FILEPATH>C:\MJB\CS575\Particles2019\</FILEPATH>
        <FILENAME>sample.cpp</FILENAME>
        <LINE>426</LINE>
        <COLUMN>6</COLUMN>
      </SFA>
      <SFA>
        <FILEPATH>C:\MJB\CS575\Particles2019\</FILEPATH>
        <FILENAME>sample.cpp</FILENAME>
        <LINE>427</LINE>
        <COLUMN>8</COLUMN>
      </SFA>
      <SFA>
        <FILEPATH>C:\MJB\CS575\Particles2019\</FILEPATH>
        <FILENAME>sample.cpp</FILENAME>
        <LINE>435</LINE>
        <COLUMN>8</COLUMN>
      </SFA>
      <SFA>
        <FILEPATH>C:\MJB\CS575\Particles2019\</FILEPATH>
        <FILENAME>sample.cpp</FILENAME>
        <LINE>440</LINE>
        <COLUMN>10</COLUMN>
      </SFA>
      <SFA>
        <FILEPATH>C:\MJB\CS575\Particles2019\</FILEPATH>
        <FILENAME>sample.cpp</FILENAME>
        <LINE>441</LINE>
        <COLUMN>8</COLUMN>
      </SFA>
      <SFA>
        <FILEPATH>C:\MJB\CS575\Particles2019\</FILEPATH>
        <FILENAME>sample.cpp</FILENAME>
        <LINE>442</LINE>
        <COLUMN>13</COLUMN>
      </SFA>
      <SFA>
        <FILEPATH>C:\MJB\CS575\Particles2019\</FILEPATH>
        <FILENAME>sample.cpp</FILENAME>
        <LINE>446</LINE>
        <COLUMN>16</COLUMN>
        <KEYEVENT>
          <ID>1</ID>
          <KIND>declaration</KIND>
          <IMPORTANCE>Essential</IMPORTANCE>
          <MESSAGE>'platforms' is an array of 1 elements (4 bytes)</MESSAGE>
        </KEYEVENT>
      </SFA>
      <SFA>
        <FILEPATH>C:\MJB\CS575\Particles2019\</FILEPATH>
        <FILENAME>sample.cpp</FILENAME>
        <LINE>447</LINE>
        <COLUMN>8</COLUMN>
        <KEYEVENT>
          <ID>2</ID>
          <KIND>declaration</KIND>
          <IMPORTANCE>Full</IMPORTANCE>
          <MESSAGE>'platforms' is an In/Out argument to 'clGetPlatformIDs' (declared at c:\mjb\cs575\particles2019\cl.h:412)</MESSAGE>
        </KEYEVENT>
      </SFA>
      <SFA>
        <FILEPATH>C:\MJB\CS575\Particles2019\</FILEPATH>
        <FILENAME>sample.cpp</FILENAME>
        <LINE>448</LINE>
        <COLUMN>13</COLUMN>
      </SFA>
      <SFA>
        <FILEPATH>C:\MJB\CS575\Particles2019\</FILEPATH>
        <FILENAME>sample.cpp</FILENAME>
        <LINE>454</LINE>
        <COLUMN>5</COLUMN>
        <KEYEVENT>
          <ID>3</ID>
          <KIND>declaration</KIND>
          <IMPORTANCE>Essential</IMPORTANCE>
          <MESSAGE>'iplatform' is equal to 1</MESSAGE>
        </KEYEVENT>
      </SFA>
      <SFA>
        <FILEPATH>C:\MJB\CS575\Particles2019\</FILEPATH>
        <FILENAME>sample.cpp</FILENAME>
        <LINE>455</LINE>
        <COLUMN>10</COLUMN>
        <KEYEVENT>
          <ID>4</ID>
          <KIND>usage</KIND>
          <IMPORTANCE>Essential</IMPORTANCE>
          <MESSAGE>Invalid read from 'platforms[1]', (readable range is 0 to 0)</MESSAGE>
        </KEYEVENT>
      </SFA>
    </PATH>
  </DEFECT><DEFECT>
    <SFA>
      <FILEPATH>C:\MJB\CS575\Particles2019\</FILEPATH>
      <FILENAME>sample.cpp</FILENAME>
      <LINE>1338</LINE>
      <COLUMN>23</COLUMN>
    </SFA>
    <DEFECTCODE>6385</DEFECTCODE>
    <DESCRIPTION>Reading invalid data from 'extensions':  the readable size is 'extensionSize*1' bytes, but '2' bytes may be read.</DESCRIPTION>
    <FUNCTION>PrintInfo</FUNCTION>
    <DECORATED>?PrintInfo@@YAXXZ</DECORATED>
    <FUNCLINE>1201</FUNCLINE>
    <PROBABILITY>1</PROBABILITY>
    <RANK>4</RANK>
    <CATEGORY>
      <RULECATEGORY>mspft</RULECATEGORY>
    </CATEGORY>
    <PATH>
      <SFA>
        <FILEPATH>C:\MJB\CS575\Particles2019\</FILEPATH>
        <FILENAME>sample.cpp</FILENAME>
        <LINE>1209</LINE>
        <COLUMN>9</COLUMN>
      </SFA>
      <SFA>
        <FILEPATH>C:\MJB\CS575\Particles2019\</FILEPATH>
        <FILENAME>sample.cpp</FILENAME>
        <LINE>1211</LINE>
        <COLUMN>9</COLUMN>
      </SFA>
      <SFA>
        <FILEPATH>C:\MJB\CS575\Particles2019\</FILEPATH>
        <FILENAME>sample.cpp</FILENAME>
        <LINE>1215</LINE>
        <COLUMN>10</COLUMN>
      </SFA>
      <SFA>
        <FILEPATH>C:\MJB\CS575\Particles2019\</FILEPATH>
        <FILENAME>sample.cpp</FILENAME>
        <LINE>1216</LINE>
        <COLUMN>9</COLUMN>
      </SFA>
      <SFA>
        <FILEPATH>C:\MJB\CS575\Particles2019\</FILEPATH>
        <FILENAME>sample.cpp</FILENAME>
        <LINE>1217</LINE>
        <COLUMN>13</COLUMN>
      </SFA>
      <SFA>
        <FILEPATH>C:\MJB\CS575\Particles2019\</FILEPATH>
        <FILENAME>sample.cpp</FILENAME>
        <LINE>1220</LINE>
        <COLUMN>9</COLUMN>
      </SFA>
      <SFA>
        <FILEPATH>C:\MJB\CS575\Particles2019\</FILEPATH>
        <FILENAME>sample.cpp</FILENAME>
        <LINE>1222</LINE>
        <COLUMN>16</COLUMN>
      </SFA>
      <SFA>
        <FILEPATH>C:\MJB\CS575\Particles2019\</FILEPATH>
        <FILENAME>sample.cpp</FILENAME>
        <LINE>1223</LINE>
        <COLUMN>9</COLUMN>
      </SFA>
      <SFA>
        <FILEPATH>C:\MJB\CS575\Particles2019\</FILEPATH>
        <FILENAME>sample.cpp</FILENAME>
        <LINE>1224</LINE>
        <COLUMN>13</COLUMN>
      </SFA>
      <SFA>
        <FILEPATH>C:\MJB\CS575\Particles2019\</FILEPATH>
        <FILENAME>sample.cpp</FILENAME>
        <LINE>1227</LINE>
        <COLUMN>11</COLUMN>
      </SFA>
      <SFA>
        <FILEPATH>C:\MJB\CS575\Particles2019\</FILEPATH>
        <FILENAME>sample.cpp</FILENAME>
        <LINE>1227</LINE>
        <COLUMN>20</COLUMN>
      </SFA>
      <SFA>
        <FILEPATH>C:\MJB\CS575\Particles2019\</FILEPATH>
        <FILENAME>sample.cpp</FILENAME>
        <LINE>1229</LINE>
        <COLUMN>10</COLUMN>
      </SFA>
      <SFA>
        <FILEPATH>C:\MJB\CS575\Particles2019\</FILEPATH>
        <FILENAME>sample.cpp</FILENAME>
        <LINE>1230</LINE>
        <COLUMN>10</COLUMN>
      </SFA>
      <SFA>
        <FILEPATH>C:\MJB\CS575\Particles2019\</FILEPATH>
        <FILENAME>sample.cpp</FILENAME>
        <LINE>1231</LINE>
        <COLUMN>9</COLUMN>
      </SFA>
      <SFA>
        <FILEPATH>C:\MJB\CS575\Particles2019\</FILEPATH>
        <FILENAME>sample.cpp</FILENAME>
        <LINE>1233</LINE>
        <COLUMN>20</COLUMN>
      </SFA>
      <SFA>
        <FILEPATH>C:\MJB\CS575\Particles2019\</FILEPATH>
        <FILENAME>sample.cpp</FILENAME>
        <LINE>1234</LINE>
        <COLUMN>7</COLUMN>
      </SFA>
      <SFA>
        <FILEPATH>C:\MJB\CS575\Particles2019\</FILEPATH>
        <FILENAME>sample.cpp</FILENAME>
        <LINE>1235</LINE>
        <COLUMN>20</COLUMN>
      </SFA>
      <SFA>
        <FILEPATH>C:\MJB\CS575\Particles2019\</FILEPATH>
        <FILENAME>sample.cpp</FILENAME>
        <LINE>1236</LINE>
        <COLUMN>10</COLUMN>
      </SFA>
      <SFA>
        <FILEPATH>C:\MJB\CS575\Particles2019\</FILEPATH>
        <FILENAME>sample.cpp</FILENAME>
        <LINE>1237</LINE>
        <COLUMN>3</COLUMN>
      </SFA>
      <SFA>
        <FILEPATH>C:\MJB\CS575\Particles2019\</FILEPATH>
        <FILENAME>sample.cpp</FILENAME>
        <LINE>1239</LINE>
        <COLUMN>20</COLUMN>
      </SFA>
      <SFA>
        <FILEPATH>C:\MJB\CS575\Particles2019\</FILEPATH>
        <FILENAME>sample.cpp</FILENAME>
        <LINE>1240</LINE>
        <COLUMN>7</COLUMN>
      </SFA>
      <SFA>
        <FILEPATH>C:\MJB\CS575\Particles2019\</FILEPATH>
        <FILENAME>sample.cpp</FILENAME>
        <LINE>1241</LINE>
        <COLUMN>20</COLUMN>
      </SFA>
      <SFA>
        <FILEPATH>C:\MJB\CS575\Particles2019\</FILEPATH>
        <FILENAME>sample.cpp</FILENAME>
        <LINE>1242</LINE>
        <COLUMN>10</COLUMN>
      </SFA>
      <SFA>
        <FILEPATH>C:\MJB\CS575\Particles2019\</FILEPATH>
        <FILENAME>sample.cpp</FILENAME>
        <LINE>1243</LINE>
        <COLUMN>3</COLUMN>
      </SFA>
      <SFA>
        <FILEPATH>C:\MJB\CS575\Particles2019\</FILEPATH>
        <FILENAME>sample.cpp</FILENAME>
        <LINE>1245</LINE>
        <COLUMN>20</COLUMN>
      </SFA>
      <SFA>
        <FILEPATH>C:\MJB\CS575\Particles2019\</FILEPATH>
        <FILENAME>sample.cpp</FILENAME>
        <LINE>1246</LINE>
        <COLUMN>7</COLUMN>
      </SFA>
      <SFA>
        <FILEPATH>C:\MJB\CS575\Particles2019\</FILEPATH>
        <FILENAME>sample.cpp</FILENAME>
        <LINE>1247</LINE>
        <COLUMN>20</COLUMN>
      </SFA>
      <SFA>
        <FILEPATH>C:\MJB\CS575\Particles2019\</FILEPATH>
        <FILENAME>sample.cpp</FILENAME>
        <LINE>1248</LINE>
        <COLUMN>10</COLUMN>
      </SFA>
      <SFA>
        <FILEPATH>C:\MJB\CS575\Particles2019\</FILEPATH>
        <FILENAME>sample.cpp</FILENAME>
        <LINE>1249</LINE>
        <COLUMN>3</COLUMN>
      </SFA>
      <SFA>
        <FILEPATH>C:\MJB\CS575\Particles2019\</FILEPATH>
        <FILENAME>sample.cpp</FILENAME>
        <LINE>1251</LINE>
        <COLUMN>20</COLUMN>
      </SFA>
      <SFA>
        <FILEPATH>C:\MJB\CS575\Particles2019\</FILEPATH>
        <FILENAME>sample.cpp</FILENAME>
        <LINE>1252</LINE>
        <COLUMN>7</COLUMN>
      </SFA>
      <SFA>
        <FILEPATH>C:\MJB\CS575\Particles2019\</FILEPATH>
        <FILENAME>sample.cpp</FILENAME>
        <LINE>1253</LINE>
        <COLUMN>20</COLUMN>
      </SFA>
      <SFA>
        <FILEPATH>C:\MJB\CS575\Particles2019\</FILEPATH>
        <FILENAME>sample.cpp</FILENAME>
        <LINE>1254</LINE>
        <COLUMN>10</COLUMN>
      </SFA>
      <SFA>
        <FILEPATH>C:\MJB\CS575\Particles2019\</FILEPATH>
        <FILENAME>sample.cpp</FILENAME>
        <LINE>1255</LINE>
        <COLUMN>3</COLUMN>
      </SFA>
      <SFA>
        <FILEPATH>C:\MJB\CS575\Particles2019\</FILEPATH>
        <FILENAME>sample.cpp</FILENAME>
        <LINE>1260</LINE>
        <COLUMN>11</COLUMN>
      </SFA>
      <SFA>
        <FILEPATH>C:\MJB\CS575\Particles2019\</FILEPATH>
        <FILENAME>sample.cpp</FILENAME>
        <LINE>1262</LINE>
        <COLUMN>10</COLUMN>
      </SFA>
      <SFA>
        <FILEPATH>C:\MJB\CS575\Particles2019\</FILEPATH>
        <FILENAME>sample.cpp</FILENAME>
        <LINE>1263</LINE>
        <COLUMN>14</COLUMN>
      </SFA>
      <SFA>
        <FILEPATH>C:\MJB\CS575\Particles2019\</FILEPATH>
        <FILENAME>sample.cpp</FILENAME>
        <LINE>1266</LINE>
        <COLUMN>10</COLUMN>
      </SFA>
      <SFA>
        <FILEPATH>C:\MJB\CS575\Particles2019\</FILEPATH>
        <FILENAME>sample.cpp</FILENAME>
        <LINE>1268</LINE>
        <COLUMN>16</COLUMN>
      </SFA>
      <SFA>
        <FILEPATH>C:\MJB\CS575\Particles2019\</FILEPATH>
        <FILENAME>sample.cpp</FILENAME>
        <LINE>1269</LINE>
        <COLUMN>10</COLUMN>
      </SFA>
      <SFA>
        <FILEPATH>C:\MJB\CS575\Particles2019\</FILEPATH>
        <FILENAME>sample.cpp</FILENAME>
        <LINE>1270</LINE>
        <COLUMN>14</COLUMN>
      </SFA>
      <SFA>
        <FILEPATH>C:\MJB\CS575\Particles2019\</FILEPATH>
        <FILENAME>sample.cpp</FILENAME>
        <LINE>1273</LINE>
        <COLUMN>12</COLUMN>
      </SFA>
      <SFA>
        <FILEPATH>C:\MJB\CS575\Particles2019\</FILEPATH>
        <FILENAME>sample.cpp</FILENAME>
        <LINE>1273</LINE>
        <COLUMN>21</COLUMN>
      </SFA>
      <SFA>
        <FILEPATH>C:\MJB\CS575\Particles2019\</FILEPATH>
        <FILENAME>sample.cpp</FILENAME>
        <LINE>1275</LINE>
        <COLUMN>11</COLUMN>
      </SFA>
      <SFA>
        <FILEPATH>C:\MJB\CS575\Particles2019\</FILEPATH>
        <FILENAME>sample.cpp</FILENAME>
        <LINE>1276</LINE>
        <COLUMN>11</COLUMN>
      </SFA>
      <SFA>
        <FILEPATH>C:\MJB\CS575\Particles2019\</FILEPATH>
        <FILENAME>sample.cpp</FILENAME>
        <LINE>1277</LINE>
        <COLUMN>19</COLUMN>
      </SFA>
      <SFA>
        <FILEPATH>C:\MJB\CS575\Particles2019\</FILEPATH>
        <FILENAME>sample.cpp</FILENAME>
        <LINE>1278</LINE>
        <COLUMN>12</COLUMN>
      </SFA>
      <SFA>
        <FILEPATH>C:\MJB\CS575\Particles2019\</FILEPATH>
        <FILENAME>sample.cpp</FILENAME>
        <LINE>1279</LINE>
        <COLUMN>11</COLUMN>
      </SFA>
      <SFA>
        <FILEPATH>C:\MJB\CS575\Particles2019\</FILEPATH>
        <FILENAME>sample.cpp</FILENAME>
        <LINE>1281</LINE>
        <COLUMN>19</COLUMN>
      </SFA>
      <SFA>
        <FILEPATH>C:\MJB\CS575\Particles2019\</FILEPATH>
        <FILENAME>sample.cpp</FILENAME>
        <LINE>1282</LINE>
        <COLUMN>11</COLUMN>
      </SFA>
      <SFA>
        <FILEPATH>C:\MJB\CS575\Particles2019\</FILEPATH>
        <FILENAME>sample.cpp</FILENAME>
        <LINE>1283</LINE>
        <COLUMN>12</COLUMN>
      </SFA>
      <SFA>
        <FILEPATH>C:\MJB\CS575\Particles2019\</FILEPATH>
        <FILENAME>sample.cpp</FILENAME>
        <LINE>1285</LINE>
        <COLUMN>4</COLUMN>
      </SFA>
      <SFA>
        <FILEPATH>C:\MJB\CS575\Particles2019\</FILEPATH>
        <FILENAME>sample.cpp</FILENAME>
        <LINE>1286</LINE>
        <COLUMN>12</COLUMN>
      </SFA>
      <SFA>
        <FILEPATH>C:\MJB\CS575\Particles2019\</FILEPATH>
        <FILENAME>sample.cpp</FILENAME>
        <LINE>1299</LINE>
        <COLUMN>19</COLUMN>
      </SFA>
      <SFA>
        <FILEPATH>C:\MJB\CS575\Particles2019\</FILEPATH>
        <FILENAME>sample.cpp</FILENAME>
        <LINE>1300</LINE>
        <COLUMN>11</COLUMN>
      </SFA>
      <SFA>
        <FILEPATH>C:\MJB\CS575\Particles2019\</FILEPATH>
        <FILENAME>sample.cpp</FILENAME>
        <LINE>1301</LINE>
        <COLUMN>12</COLUMN>
      </SFA>
      <SFA>
        <FILEPATH>C:\MJB\CS575\Particles2019\</FILEPATH>
        <FILENAME>sample.cpp</FILENAME>
        <LINE>1303</LINE>
        <COLUMN>4</COLUMN>
      </SFA>
      <SFA>
        <FILEPATH>C:\MJB\CS575\Particles2019\</FILEPATH>
        <FILENAME>sample.cpp</FILENAME>
        <LINE>1304</LINE>
        <COLUMN>12</COLUMN>
      </SFA>
      <SFA>
        <FILEPATH>C:\MJB\CS575\Particles2019\</FILEPATH>
        <FILENAME>sample.cpp</FILENAME>
        <LINE>1316</LINE>
        <COLUMN>19</COLUMN>
      </SFA>
      <SFA>
        <FILEPATH>C:\MJB\CS575\Particles2019\</FILEPATH>
        <FILENAME>sample.cpp</FILENAME>
        <LINE>1317</LINE>
        <COLUMN>11</COLUMN>
      </SFA>
      <SFA>
        <FILEPATH>C:\MJB\CS575\Particles2019\</FILEPATH>
        <FILENAME>sample.cpp</FILENAME>
        <LINE>1319</LINE>
        <COLUMN>19</COLUMN>
      </SFA>
      <SFA>
        <FILEPATH>C:\MJB\CS575\Particles2019\</FILEPATH>
        <FILENAME>sample.cpp</FILENAME>
        <LINE>1320</LINE>
        <COLUMN>11</COLUMN>
      </SFA>
      <SFA>
        <FILEPATH>C:\MJB\CS575\Particles2019\</FILEPATH>
        <FILENAME>sample.cpp</FILENAME>
        <LINE>1322</LINE>
        <COLUMN>19</COLUMN>
      </SFA>
      <SFA>
        <FILEPATH>C:\MJB\CS575\Particles2019\</FILEPATH>
        <FILENAME>sample.cpp</FILENAME>
        <LINE>1323</LINE>
        <COLUMN>11</COLUMN>
      </SFA>
      <SFA>
        <FILEPATH>C:\MJB\CS575\Particles2019\</FILEPATH>
        <FILENAME>sample.cpp</FILENAME>
        <LINE>1325</LINE>
        <COLUMN>19</COLUMN>
      </SFA>
      <SFA>
        <FILEPATH>C:\MJB\CS575\Particles2019\</FILEPATH>
        <FILENAME>sample.cpp</FILENAME>
        <LINE>1326</LINE>
        <COLUMN>11</COLUMN>
      </SFA>
      <SFA>
        <FILEPATH>C:\MJB\CS575\Particles2019\</FILEPATH>
        <FILENAME>sample.cpp</FILENAME>
        <LINE>1328</LINE>
        <COLUMN>19</COLUMN>
      </SFA>
      <SFA>
        <FILEPATH>C:\MJB\CS575\Particles2019\</FILEPATH>
        <FILENAME>sample.cpp</FILENAME>
        <LINE>1329</LINE>
        <COLUMN>11</COLUMN>
      </SFA>
      <SFA>
        <FILEPATH>C:\MJB\CS575\Particles2019\</FILEPATH>
        <FILENAME>sample.cpp</FILENAME>
        <LINE>1331</LINE>
        <COLUMN>11</COLUMN>
      </SFA>
      <SFA>
        <FILEPATH>C:\MJB\CS575\Particles2019\</FILEPATH>
        <FILENAME>sample.cpp</FILENAME>
        <LINE>1332</LINE>
        <COLUMN>19</COLUMN>
      </SFA>
      <SFA>
        <FILEPATH>C:\MJB\CS575\Particles2019\</FILEPATH>
        <FILENAME>sample.cpp</FILENAME>
        <LINE>1333</LINE>
        <COLUMN>8</COLUMN>
        <KEYEVENT>
          <ID>1</ID>
          <KIND>declaration</KIND>
          <IMPORTANCE>Essential</IMPORTANCE>
          <MESSAGE>'extensions' is an array of 1 elements (1 bytes)</MESSAGE>
        </KEYEVENT>
      </SFA>
      <SFA>
        <FILEPATH>C:\MJB\CS575\Particles2019\</FILEPATH>
        <FILENAME>sample.cpp</FILENAME>
        <LINE>1334</LINE>
        <COLUMN>19</COLUMN>
        <KEYEVENT>
          <ID>2</ID>
          <KIND>declaration</KIND>
          <IMPORTANCE>Full</IMPORTANCE>
          <MESSAGE>'extensions' is an In/Out argument to 'clGetDeviceInfo' (declared at c:\mjb\cs575\particles2019\cl.h:432)</MESSAGE>
        </KEYEVENT>
      </SFA>
      <SFA>
        <FILEPATH>C:\MJB\CS575\Particles2019\</FILEPATH>
        <FILENAME>sample.cpp</FILENAME>
        <LINE>1335</LINE>
        <COLUMN>11</COLUMN>
      </SFA>
      <SFA>
        <FILEPATH>C:\MJB\CS575\Particles2019\</FILEPATH>
        <FILENAME>sample.cpp</FILENAME>
        <LINE>1336</LINE>
        <COLUMN>13</COLUMN>
      </SFA>
      <SFA>
        <FILEPATH>C:\MJB\CS575\Particles2019\</FILEPATH>
        <FILENAME>sample.cpp</FILENAME>
        <LINE>1336</LINE>
        <COLUMN>22</COLUMN>
        <KEYEVENT>
          <ID>3</ID>
          <KIND>usage</KIND>
          <IMPORTANCE>Full</IMPORTANCE>
          <MESSAGE>'extensions' is an Input to 'strlen' (declared at c:\program files (x86)\windows kits\10\include\10.0.18362.0\ucrt\string.h:219)</MESSAGE>
        </KEYEVENT>
      </SFA>
      <SFA>
        <FILEPATH>C:\MJB\CS575\Particles2019\</FILEPATH>
        <FILENAME>sample.cpp</FILENAME>
        <LINE>1336</LINE>
        <COLUMN>22</COLUMN>
        <KEYEVENT>
          <ID>4</ID>
          <KIND>branch</KIND>
          <IMPORTANCE>Full</IMPORTANCE>
          <MESSAGE>Enter this loop, (assume 'e&lt;(int)strlen(extensions)')</MESSAGE>
        </KEYEVENT>
      </SFA>
      <SFA>
        <FILEPATH>C:\MJB\CS575\Particles2019\</FILEPATH>
        <FILENAME>sample.cpp</FILENAME>
        <LINE>1338</LINE>
        <COLUMN>23</COLUMN>
        <KEYEVENT>
          <ID>5</ID>
          <KIND>branch</KIND>
          <IMPORTANCE>Full</IMPORTANCE>
          <MESSAGE>Skip this branch, (assume 'extensions[e]==32' is false)</MESSAGE>
        </KEYEVENT>
      </SFA>
      <SFA>
        <FILEPATH>C:\MJB\CS575\Particles2019\</FILEPATH>
        <FILENAME>sample.cpp</FILENAME>
        <LINE>1336</LINE>
        <COLUMN>50</COLUMN>
        <KEYEVENT>
          <ID>6</ID>
          <KIND>declaration</KIND>
          <IMPORTANCE>Essential</IMPORTANCE>
          <MESSAGE>'e' may equal 1</MESSAGE>
        </KEYEVENT>
      </SFA>
      <SFA>
        <FILEPATH>C:\MJB\CS575\Particles2019\</FILEPATH>
        <FILENAME>sample.cpp</FILENAME>
        <LINE>1336</LINE>
        <COLUMN>22</COLUMN>
        <KEYEVENT>
          <ID>7</ID>
          <KIND>usage</KIND>
          <IMPORTANCE>Full</IMPORTANCE>
          <MESSAGE>'extensions' is an Input to 'strlen' (declared at c:\program files (x86)\windows kits\10\include\10.0.18362.0\ucrt\string.h:219)</MESSAGE>
        </KEYEVENT>
      </SFA>
      <SFA>
        <FILEPATH>C:\MJB\CS575\Particles2019\</FILEPATH>
        <FILENAME>sample.cpp</FILENAME>
        <LINE>1336</LINE>
        <COLUMN>22</COLUMN>
        <KEYEVENT>
          <ID>8</ID>
          <KIND>branch</KIND>
          <IMPORTANCE>Full</IMPORTANCE>
          <MESSAGE>Continue this loop, (assume 'e&lt;(int)strlen(extensions)')</MESSAGE>
        </KEYEVENT>
      </SFA>
      <SFA>
        <FILEPATH>C:\MJB\CS575\Particles2019\</FILEPATH>
        <FILENAME>sample.cpp</FILENAME>
        <LINE>1338</LINE>
        <COLUMN>23</COLUMN>
        <KEYEVENT>
          <ID>9</ID>
          <KIND>branch</KIND>
          <IMPORTANCE>Full</IMPORTANCE>
          <MESSAGE>Skip this branch, (assume 'extensions[e]==32' is false)</MESSAGE>
        </KEYEVENT>
      </SFA>
      <SFA>
        <FILEPATH>C:\MJB\CS575\Particles2019\</FILEPATH>
        <FILENAME>sample.cpp</FILENAME>
        <LINE>1338</LINE>
        <COLUMN>23</COLUMN>
        <KEYEVENT>
          <ID>10</ID>
          <KIND>usage</KIND>
          <IMPORTANCE>Essential</IMPORTANCE>
          <MESSAGE>Invalid read from 'extensions[1]', (readable range is 0 to 0)</MESSAGE>
        </KEYEVENT>
      </SFA>
    </PATH>
  </DEFECT><DEFECT>
    <SFA>
      <FILEPATH>C:\MJB\CS575\Particles2019\</FILEPATH>
      <FILENAME>sample.cpp</FILENAME>
      <LINE>1339</LINE>
      <COLUMN>20</COLUMN>
    </SFA>
    <DEFECTCODE>6386</DEFECTCODE>
    <DESCRIPTION>Buffer overrun while writing to 'extensions':  the writable size is 'extensionSize*1' bytes, but '2' bytes might be written.</DESCRIPTION>
    <FUNCTION>PrintInfo</FUNCTION>
    <DECORATED>?PrintInfo@@YAXXZ</DECORATED>
    <FUNCLINE>1201</FUNCLINE>
    <PROBABILITY>1</PROBABILITY>
    <RANK>4</RANK>
    <CATEGORY>
      <RULECATEGORY>mspft</RULECATEGORY>
    </CATEGORY>
    <PATH>
      <SFA>
        <FILEPATH>C:\MJB\CS575\Particles2019\</FILEPATH>
        <FILENAME>sample.cpp</FILENAME>
        <LINE>1209</LINE>
        <COLUMN>9</COLUMN>
      </SFA>
      <SFA>
        <FILEPATH>C:\MJB\CS575\Particles2019\</FILEPATH>
        <FILENAME>sample.cpp</FILENAME>
        <LINE>1211</LINE>
        <COLUMN>9</COLUMN>
      </SFA>
      <SFA>
        <FILEPATH>C:\MJB\CS575\Particles2019\</FILEPATH>
        <FILENAME>sample.cpp</FILENAME>
        <LINE>1215</LINE>
        <COLUMN>10</COLUMN>
      </SFA>
      <SFA>
        <FILEPATH>C:\MJB\CS575\Particles2019\</FILEPATH>
        <FILENAME>sample.cpp</FILENAME>
        <LINE>1216</LINE>
        <COLUMN>9</COLUMN>
      </SFA>
      <SFA>
        <FILEPATH>C:\MJB\CS575\Particles2019\</FILEPATH>
        <FILENAME>sample.cpp</FILENAME>
        <LINE>1217</LINE>
        <COLUMN>13</COLUMN>
      </SFA>
      <SFA>
        <FILEPATH>C:\MJB\CS575\Particles2019\</FILEPATH>
        <FILENAME>sample.cpp</FILENAME>
        <LINE>1220</LINE>
        <COLUMN>9</COLUMN>
      </SFA>
      <SFA>
        <FILEPATH>C:\MJB\CS575\Particles2019\</FILEPATH>
        <FILENAME>sample.cpp</FILENAME>
        <LINE>1222</LINE>
        <COLUMN>16</COLUMN>
      </SFA>
      <SFA>
        <FILEPATH>C:\MJB\CS575\Particles2019\</FILEPATH>
        <FILENAME>sample.cpp</FILENAME>
        <LINE>1223</LINE>
        <COLUMN>9</COLUMN>
      </SFA>
      <SFA>
        <FILEPATH>C:\MJB\CS575\Particles2019\</FILEPATH>
        <FILENAME>sample.cpp</FILENAME>
        <LINE>1224</LINE>
        <COLUMN>13</COLUMN>
      </SFA>
      <SFA>
        <FILEPATH>C:\MJB\CS575\Particles2019\</FILEPATH>
        <FILENAME>sample.cpp</FILENAME>
        <LINE>1227</LINE>
        <COLUMN>11</COLUMN>
      </SFA>
      <SFA>
        <FILEPATH>C:\MJB\CS575\Particles2019\</FILEPATH>
        <FILENAME>sample.cpp</FILENAME>
        <LINE>1227</LINE>
        <COLUMN>20</COLUMN>
      </SFA>
      <SFA>
        <FILEPATH>C:\MJB\CS575\Particles2019\</FILEPATH>
        <FILENAME>sample.cpp</FILENAME>
        <LINE>1229</LINE>
        <COLUMN>10</COLUMN>
      </SFA>
      <SFA>
        <FILEPATH>C:\MJB\CS575\Particles2019\</FILEPATH>
        <FILENAME>sample.cpp</FILENAME>
        <LINE>1230</LINE>
        <COLUMN>10</COLUMN>
      </SFA>
      <SFA>
        <FILEPATH>C:\MJB\CS575\Particles2019\</FILEPATH>
        <FILENAME>sample.cpp</FILENAME>
        <LINE>1231</LINE>
        <COLUMN>9</COLUMN>
      </SFA>
      <SFA>
        <FILEPATH>C:\MJB\CS575\Particles2019\</FILEPATH>
        <FILENAME>sample.cpp</FILENAME>
        <LINE>1233</LINE>
        <COLUMN>20</COLUMN>
      </SFA>
      <SFA>
        <FILEPATH>C:\MJB\CS575\Particles2019\</FILEPATH>
        <FILENAME>sample.cpp</FILENAME>
        <LINE>1234</LINE>
        <COLUMN>7</COLUMN>
      </SFA>
      <SFA>
        <FILEPATH>C:\MJB\CS575\Particles2019\</FILEPATH>
        <FILENAME>sample.cpp</FILENAME>
        <LINE>1235</LINE>
        <COLUMN>20</COLUMN>
      </SFA>
      <SFA>
        <FILEPATH>C:\MJB\CS575\Particles2019\</FILEPATH>
        <FILENAME>sample.cpp</FILENAME>
        <LINE>1236</LINE>
        <COLUMN>10</COLUMN>
      </SFA>
      <SFA>
        <FILEPATH>C:\MJB\CS575\Particles2019\</FILEPATH>
        <FILENAME>sample.cpp</FILENAME>
        <LINE>1237</LINE>
        <COLUMN>3</COLUMN>
      </SFA>
      <SFA>
        <FILEPATH>C:\MJB\CS575\Particles2019\</FILEPATH>
        <FILENAME>sample.cpp</FILENAME>
        <LINE>1239</LINE>
        <COLUMN>20</COLUMN>
      </SFA>
      <SFA>
        <FILEPATH>C:\MJB\CS575\Particles2019\</FILEPATH>
        <FILENAME>sample.cpp</FILENAME>
        <LINE>1240</LINE>
        <COLUMN>7</COLUMN>
      </SFA>
      <SFA>
        <FILEPATH>C:\MJB\CS575\Particles2019\</FILEPATH>
        <FILENAME>sample.cpp</FILENAME>
        <LINE>1241</LINE>
        <COLUMN>20</COLUMN>
      </SFA>
      <SFA>
        <FILEPATH>C:\MJB\CS575\Particles2019\</FILEPATH>
        <FILENAME>sample.cpp</FILENAME>
        <LINE>1242</LINE>
        <COLUMN>10</COLUMN>
      </SFA>
      <SFA>
        <FILEPATH>C:\MJB\CS575\Particles2019\</FILEPATH>
        <FILENAME>sample.cpp</FILENAME>
        <LINE>1243</LINE>
        <COLUMN>3</COLUMN>
      </SFA>
      <SFA>
        <FILEPATH>C:\MJB\CS575\Particles2019\</FILEPATH>
        <FILENAME>sample.cpp</FILENAME>
        <LINE>1245</LINE>
        <COLUMN>20</COLUMN>
      </SFA>
      <SFA>
        <FILEPATH>C:\MJB\CS575\Particles2019\</FILEPATH>
        <FILENAME>sample.cpp</FILENAME>
        <LINE>1246</LINE>
        <COLUMN>7</COLUMN>
      </SFA>
      <SFA>
        <FILEPATH>C:\MJB\CS575\Particles2019\</FILEPATH>
        <FILENAME>sample.cpp</FILENAME>
        <LINE>1247</LINE>
        <COLUMN>20</COLUMN>
      </SFA>
      <SFA>
        <FILEPATH>C:\MJB\CS575\Particles2019\</FILEPATH>
        <FILENAME>sample.cpp</FILENAME>
        <LINE>1248</LINE>
        <COLUMN>10</COLUMN>
      </SFA>
      <SFA>
        <FILEPATH>C:\MJB\CS575\Particles2019\</FILEPATH>
        <FILENAME>sample.cpp</FILENAME>
        <LINE>1249</LINE>
        <COLUMN>3</COLUMN>
      </SFA>
      <SFA>
        <FILEPATH>C:\MJB\CS575\Particles2019\</FILEPATH>
        <FILENAME>sample.cpp</FILENAME>
        <LINE>1251</LINE>
        <COLUMN>20</COLUMN>
      </SFA>
      <SFA>
        <FILEPATH>C:\MJB\CS575\Particles2019\</FILEPATH>
        <FILENAME>sample.cpp</FILENAME>
        <LINE>1252</LINE>
        <COLUMN>7</COLUMN>
      </SFA>
      <SFA>
        <FILEPATH>C:\MJB\CS575\Particles2019\</FILEPATH>
        <FILENAME>sample.cpp</FILENAME>
        <LINE>1253</LINE>
        <COLUMN>20</COLUMN>
      </SFA>
      <SFA>
        <FILEPATH>C:\MJB\CS575\Particles2019\</FILEPATH>
        <FILENAME>sample.cpp</FILENAME>
        <LINE>1254</LINE>
        <COLUMN>10</COLUMN>
      </SFA>
      <SFA>
        <FILEPATH>C:\MJB\CS575\Particles2019\</FILEPATH>
        <FILENAME>sample.cpp</FILENAME>
        <LINE>1255</LINE>
        <COLUMN>3</COLUMN>
      </SFA>
      <SFA>
        <FILEPATH>C:\MJB\CS575\Particles2019\</FILEPATH>
        <FILENAME>sample.cpp</FILENAME>
        <LINE>1260</LINE>
        <COLUMN>11</COLUMN>
      </SFA>
      <SFA>
        <FILEPATH>C:\MJB\CS575\Particles2019\</FILEPATH>
        <FILENAME>sample.cpp</FILENAME>
        <LINE>1262</LINE>
        <COLUMN>10</COLUMN>
      </SFA>
      <SFA>
        <FILEPATH>C:\MJB\CS575\Particles2019\</FILEPATH>
        <FILENAME>sample.cpp</FILENAME>
        <LINE>1263</LINE>
        <COLUMN>14</COLUMN>
      </SFA>
      <SFA>
        <FILEPATH>C:\MJB\CS575\Particles2019\</FILEPATH>
        <FILENAME>sample.cpp</FILENAME>
        <LINE>1266</LINE>
        <COLUMN>10</COLUMN>
      </SFA>
      <SFA>
        <FILEPATH>C:\MJB\CS575\Particles2019\</FILEPATH>
        <FILENAME>sample.cpp</FILENAME>
        <LINE>1268</LINE>
        <COLUMN>16</COLUMN>
      </SFA>
      <SFA>
        <FILEPATH>C:\MJB\CS575\Particles2019\</FILEPATH>
        <FILENAME>sample.cpp</FILENAME>
        <LINE>1269</LINE>
        <COLUMN>10</COLUMN>
      </SFA>
      <SFA>
        <FILEPATH>C:\MJB\CS575\Particles2019\</FILEPATH>
        <FILENAME>sample.cpp</FILENAME>
        <LINE>1270</LINE>
        <COLUMN>14</COLUMN>
      </SFA>
      <SFA>
        <FILEPATH>C:\MJB\CS575\Particles2019\</FILEPATH>
        <FILENAME>sample.cpp</FILENAME>
        <LINE>1273</LINE>
        <COLUMN>12</COLUMN>
      </SFA>
      <SFA>
        <FILEPATH>C:\MJB\CS575\Particles2019\</FILEPATH>
        <FILENAME>sample.cpp</FILENAME>
        <LINE>1273</LINE>
        <COLUMN>21</COLUMN>
      </SFA>
      <SFA>
        <FILEPATH>C:\MJB\CS575\Particles2019\</FILEPATH>
        <FILENAME>sample.cpp</FILENAME>
        <LINE>1275</LINE>
        <COLUMN>11</COLUMN>
      </SFA>
      <SFA>
        <FILEPATH>C:\MJB\CS575\Particles2019\</FILEPATH>
        <FILENAME>sample.cpp</FILENAME>
        <LINE>1276</LINE>
        <COLUMN>11</COLUMN>
      </SFA>
      <SFA>
        <FILEPATH>C:\MJB\CS575\Particles2019\</FILEPATH>
        <FILENAME>sample.cpp</FILENAME>
        <LINE>1277</LINE>
        <COLUMN>19</COLUMN>
      </SFA>
      <SFA>
        <FILEPATH>C:\MJB\CS575\Particles2019\</FILEPATH>
        <FILENAME>sample.cpp</FILENAME>
        <LINE>1278</LINE>
        <COLUMN>12</COLUMN>
      </SFA>
      <SFA>
        <FILEPATH>C:\MJB\CS575\Particles2019\</FILEPATH>
        <FILENAME>sample.cpp</FILENAME>
        <LINE>1279</LINE>
        <COLUMN>11</COLUMN>
      </SFA>
      <SFA>
        <FILEPATH>C:\MJB\CS575\Particles2019\</FILEPATH>
        <FILENAME>sample.cpp</FILENAME>
        <LINE>1281</LINE>
        <COLUMN>19</COLUMN>
      </SFA>
      <SFA>
        <FILEPATH>C:\MJB\CS575\Particles2019\</FILEPATH>
        <FILENAME>sample.cpp</FILENAME>
        <LINE>1282</LINE>
        <COLUMN>11</COLUMN>
      </SFA>
      <SFA>
        <FILEPATH>C:\MJB\CS575\Particles2019\</FILEPATH>
        <FILENAME>sample.cpp</FILENAME>
        <LINE>1283</LINE>
        <COLUMN>12</COLUMN>
      </SFA>
      <SFA>
        <FILEPATH>C:\MJB\CS575\Particles2019\</FILEPATH>
        <FILENAME>sample.cpp</FILENAME>
        <LINE>1285</LINE>
        <COLUMN>4</COLUMN>
      </SFA>
      <SFA>
        <FILEPATH>C:\MJB\CS575\Particles2019\</FILEPATH>
        <FILENAME>sample.cpp</FILENAME>
        <LINE>1286</LINE>
        <COLUMN>12</COLUMN>
      </SFA>
      <SFA>
        <FILEPATH>C:\MJB\CS575\Particles2019\</FILEPATH>
        <FILENAME>sample.cpp</FILENAME>
        <LINE>1299</LINE>
        <COLUMN>19</COLUMN>
      </SFA>
      <SFA>
        <FILEPATH>C:\MJB\CS575\Particles2019\</FILEPATH>
        <FILENAME>sample.cpp</FILENAME>
        <LINE>1300</LINE>
        <COLUMN>11</COLUMN>
      </SFA>
      <SFA>
        <FILEPATH>C:\MJB\CS575\Particles2019\</FILEPATH>
        <FILENAME>sample.cpp</FILENAME>
        <LINE>1301</LINE>
        <COLUMN>12</COLUMN>
      </SFA>
      <SFA>
        <FILEPATH>C:\MJB\CS575\Particles2019\</FILEPATH>
        <FILENAME>sample.cpp</FILENAME>
        <LINE>1303</LINE>
        <COLUMN>4</COLUMN>
      </SFA>
      <SFA>
        <FILEPATH>C:\MJB\CS575\Particles2019\</FILEPATH>
        <FILENAME>sample.cpp</FILENAME>
        <LINE>1304</LINE>
        <COLUMN>12</COLUMN>
      </SFA>
      <SFA>
        <FILEPATH>C:\MJB\CS575\Particles2019\</FILEPATH>
        <FILENAME>sample.cpp</FILENAME>
        <LINE>1316</LINE>
        <COLUMN>19</COLUMN>
      </SFA>
      <SFA>
        <FILEPATH>C:\MJB\CS575\Particles2019\</FILEPATH>
        <FILENAME>sample.cpp</FILENAME>
        <LINE>1317</LINE>
        <COLUMN>11</COLUMN>
      </SFA>
      <SFA>
        <FILEPATH>C:\MJB\CS575\Particles2019\</FILEPATH>
        <FILENAME>sample.cpp</FILENAME>
        <LINE>1319</LINE>
        <COLUMN>19</COLUMN>
      </SFA>
      <SFA>
        <FILEPATH>C:\MJB\CS575\Particles2019\</FILEPATH>
        <FILENAME>sample.cpp</FILENAME>
        <LINE>1320</LINE>
        <COLUMN>11</COLUMN>
      </SFA>
      <SFA>
        <FILEPATH>C:\MJB\CS575\Particles2019\</FILEPATH>
        <FILENAME>sample.cpp</FILENAME>
        <LINE>1322</LINE>
        <COLUMN>19</COLUMN>
      </SFA>
      <SFA>
        <FILEPATH>C:\MJB\CS575\Particles2019\</FILEPATH>
        <FILENAME>sample.cpp</FILENAME>
        <LINE>1323</LINE>
        <COLUMN>11</COLUMN>
      </SFA>
      <SFA>
        <FILEPATH>C:\MJB\CS575\Particles2019\</FILEPATH>
        <FILENAME>sample.cpp</FILENAME>
        <LINE>1325</LINE>
        <COLUMN>19</COLUMN>
      </SFA>
      <SFA>
        <FILEPATH>C:\MJB\CS575\Particles2019\</FILEPATH>
        <FILENAME>sample.cpp</FILENAME>
        <LINE>1326</LINE>
        <COLUMN>11</COLUMN>
      </SFA>
      <SFA>
        <FILEPATH>C:\MJB\CS575\Particles2019\</FILEPATH>
        <FILENAME>sample.cpp</FILENAME>
        <LINE>1328</LINE>
        <COLUMN>19</COLUMN>
      </SFA>
      <SFA>
        <FILEPATH>C:\MJB\CS575\Particles2019\</FILEPATH>
        <FILENAME>sample.cpp</FILENAME>
        <LINE>1329</LINE>
        <COLUMN>11</COLUMN>
      </SFA>
      <SFA>
        <FILEPATH>C:\MJB\CS575\Particles2019\</FILEPATH>
        <FILENAME>sample.cpp</FILENAME>
        <LINE>1331</LINE>
        <COLUMN>11</COLUMN>
      </SFA>
      <SFA>
        <FILEPATH>C:\MJB\CS575\Particles2019\</FILEPATH>
        <FILENAME>sample.cpp</FILENAME>
        <LINE>1332</LINE>
        <COLUMN>19</COLUMN>
      </SFA>
      <SFA>
        <FILEPATH>C:\MJB\CS575\Particles2019\</FILEPATH>
        <FILENAME>sample.cpp</FILENAME>
        <LINE>1333</LINE>
        <COLUMN>8</COLUMN>
        <KEYEVENT>
          <ID>1</ID>
          <KIND>declaration</KIND>
          <IMPORTANCE>Essential</IMPORTANCE>
          <MESSAGE>'extensions' is an array of 1 elements (1 bytes)</MESSAGE>
        </KEYEVENT>
      </SFA>
      <SFA>
        <FILEPATH>C:\MJB\CS575\Particles2019\</FILEPATH>
        <FILENAME>sample.cpp</FILENAME>
        <LINE>1334</LINE>
        <COLUMN>19</COLUMN>
        <KEYEVENT>
          <ID>2</ID>
          <KIND>declaration</KIND>
          <IMPORTANCE>Full</IMPORTANCE>
          <MESSAGE>'extensions' is an In/Out argument to 'clGetDeviceInfo' (declared at c:\mjb\cs575\particles2019\cl.h:432)</MESSAGE>
        </KEYEVENT>
      </SFA>
      <SFA>
        <FILEPATH>C:\MJB\CS575\Particles2019\</FILEPATH>
        <FILENAME>sample.cpp</FILENAME>
        <LINE>1335</LINE>
        <COLUMN>11</COLUMN>
      </SFA>
      <SFA>
        <FILEPATH>C:\MJB\CS575\Particles2019\</FILEPATH>
        <FILENAME>sample.cpp</FILENAME>
        <LINE>1336</LINE>
        <COLUMN>13</COLUMN>
      </SFA>
      <SFA>
        <FILEPATH>C:\MJB\CS575\Particles2019\</FILEPATH>
        <FILENAME>sample.cpp</FILENAME>
        <LINE>1336</LINE>
        <COLUMN>22</COLUMN>
        <KEYEVENT>
          <ID>3</ID>
          <KIND>usage</KIND>
          <IMPORTANCE>Full</IMPORTANCE>
          <MESSAGE>'extensions' is an Input to 'strlen' (declared at c:\program files (x86)\windows kits\10\include\10.0.18362.0\ucrt\string.h:219)</MESSAGE>
        </KEYEVENT>
      </SFA>
      <SFA>
        <FILEPATH>C:\MJB\CS575\Particles2019\</FILEPATH>
        <FILENAME>sample.cpp</FILENAME>
        <LINE>1336</LINE>
        <COLUMN>22</COLUMN>
        <KEYEVENT>
          <ID>4</ID>
          <KIND>branch</KIND>
          <IMPORTANCE>Full</IMPORTANCE>
          <MESSAGE>Enter this loop, (assume 'e&lt;(int)strlen(extensions)')</MESSAGE>
        </KEYEVENT>
      </SFA>
      <SFA>
        <FILEPATH>C:\MJB\CS575\Particles2019\</FILEPATH>
        <FILENAME>sample.cpp</FILENAME>
        <LINE>1338</LINE>
        <COLUMN>23</COLUMN>
        <KEYEVENT>
          <ID>5</ID>
          <KIND>branch</KIND>
          <IMPORTANCE>Full</IMPORTANCE>
          <MESSAGE>Enter this branch, (assume 'extensions[e]==32')</MESSAGE>
        </KEYEVENT>
      </SFA>
      <SFA>
        <FILEPATH>C:\MJB\CS575\Particles2019\</FILEPATH>
        <FILENAME>sample.cpp</FILENAME>
        <LINE>1339</LINE>
        <COLUMN>20</COLUMN>
      </SFA>
      <SFA>
        <FILEPATH>C:\MJB\CS575\Particles2019\</FILEPATH>
        <FILENAME>sample.cpp</FILENAME>
        <LINE>1336</LINE>
        <COLUMN>50</COLUMN>
        <KEYEVENT>
          <ID>6</ID>
          <KIND>declaration</KIND>
          <IMPORTANCE>Essential</IMPORTANCE>
          <MESSAGE>'e' may equal 2</MESSAGE>
        </KEYEVENT>
      </SFA>
      <SFA>
        <FILEPATH>C:\MJB\CS575\Particles2019\</FILEPATH>
        <FILENAME>sample.cpp</FILENAME>
        <LINE>1336</LINE>
        <COLUMN>22</COLUMN>
        <KEYEVENT>
          <ID>7</ID>
          <KIND>usage</KIND>
          <IMPORTANCE>Full</IMPORTANCE>
          <MESSAGE>'extensions' is an Input to 'strlen' (declared at c:\program files (x86)\windows kits\10\include\10.0.18362.0\ucrt\string.h:219)</MESSAGE>
        </KEYEVENT>
      </SFA>
      <SFA>
        <FILEPATH>C:\MJB\CS575\Particles2019\</FILEPATH>
        <FILENAME>sample.cpp</FILENAME>
        <LINE>1336</LINE>
        <COLUMN>22</COLUMN>
        <KEYEVENT>
          <ID>8</ID>
          <KIND>branch</KIND>
          <IMPORTANCE>Full</IMPORTANCE>
          <MESSAGE>Continue this loop, (assume 'e&lt;(int)strlen(extensions)')</MESSAGE>
        </KEYEVENT>
      </SFA>
      <SFA>
        <FILEPATH>C:\MJB\CS575\Particles2019\</FILEPATH>
        <FILENAME>sample.cpp</FILENAME>
        <LINE>1338</LINE>
        <COLUMN>23</COLUMN>
        <KEYEVENT>
          <ID>9</ID>
          <KIND>branch</KIND>
          <IMPORTANCE>Full</IMPORTANCE>
          <MESSAGE>Enter this branch, (assume 'extensions[e]==32')</MESSAGE>
        </KEYEVENT>
      </SFA>
      <SFA>
        <FILEPATH>C:\MJB\CS575\Particles2019\</FILEPATH>
        <FILENAME>sample.cpp</FILENAME>
        <LINE>1339</LINE>
        <COLUMN>20</COLUMN>
        <KEYEVENT>
          <ID>10</ID>
          <KIND>usage</KIND>
          <IMPORTANCE>Essential</IMPORTANCE>
          <MESSAGE>Invalid write to 'extensions[1]', (writable range is 0 to 0)</MESSAGE>
        </KEYEVENT>
      </SFA>
    </PATH>
  </DEFECT></DEFECTS>